{
	"format_version": "1.8.0",
	"animations": {
		"animation.sword_obsidian.first_person_hold": {
			"loop": true,
			"bones": {
				"root_item": {
					"rotation": [66, 60, -60],
					"position": [3, 23, 4]
				}
			}
		},
		"animation.player.slash_sword_attack": {
			"animation_length": 0.6667,
			"bones": {
				"body": {
					"rotation": {
						"0.0": [-2.5, 0, 0],
						"0.25": [-10, 0, 0],
						"0.4583": [9, 0, 0],
						"0.5833": [0, 0, 0]
					},
					"position": {
						"0.0": [0, 0, 0],
						"0.25": [0, 0, 2],
						"0.4583": [0, 0, -1.7],
						"0.5833": [0, 0, -0.1]
					}
				},
				"head": {
					"rotation": {
						"0.0": [0, 0, 0],
						"0.25": [2.5, 0, 0],
						"0.4583": [-10, 0, 0],
						"0.5833": [-0.5, 0, 0]
					}
				},
				"leftArm": {
					"rotation": {
						"0.0": [0, 0, 0],
						"0.3333": [3.5988, 22.02972, 2.53693],
						"0.4583": [-9.94082, 15.01375, -12.05563],
						"0.5417": [-0.67848, -0.67876, -4.87361],
						"0.625": [0, 0, 0]
					},
					"position": [0, 0, 0]
				},
				"rightArm": {
					"rotation": {
						"0.0": [0, 0, 0],
						"0.25": [-82.153, -40.14112, 20.697],
						"0.4583": [61.79591, -4.43104, 41.34178],
						"0.5417": [4.26758, 13.21001, 10.91261],
						"0.625": [0, 0, 0]
					},
					"position": [0, 0, 0]
				}
			}
		},
		"animation.player.slash_sword_fp": {
			"animation_length": 0.4167,
			"bones": {
				"root_item": {
					"rotation": [66, 60, -60],
					"position": [3, 23, 4]
				},
				"rightItem": {
					"rotation": {
						"0.0": [0, 0, 0],
						"0.25": [27.26439, 4.54848, -81.60238],
						"0.375": [49.53847, -5.82487, -61.60766]
					},
					"position": {
						"0.0": [0, 0, 0],
						"0.2083": [0, 8, 0]
					}
				}
			}
		},
		"animation.sword_obsidian.third_person_hold": {
			"loop": true,
			"bones": {
				"root_item": {
					"rotation": [90, 0, 0],
					"position": [0.5, 22.5, -0.5]
				}
			}
		},
		"animation.player.sword_skill_fp": {
			"animation_length": 0.4167,
			"bones": {
				"root_item": {
					"rotation": [66, 60, -60],
					"position": [3, 23, 4]
				},
				"rightItem": {
					"rotation": {
						"0.0": [0, 0, 0],
						"0.3333": [23.23117, 15.35881, -104.53073]
					}
				}
			}
		},
		"animation.player.slash_sword_attack_tp": {
			"animation_length": 1.0417,
			"bones": {
				"body": {
					"rotation": {
						"0.0": [-2.5, 0, 0],
						"0.25": [-10, 0, 0],
						"0.4583": [15.019, -4.98093, -0.43688],
						"0.875": [-2.5, 0, 0]
					},
					"position": {
						"0.0": [0, 0, 0],
						"0.25": [0, 0, 2],
						"0.4583": [0, 0, -2.7],
						"0.875": [0, 0, 0]
					}
				},
				"head": {
					"rotation": {
						"0.0": [0, 0, 0],
						"0.25": [2.5, 0, 0],
						"0.4583": [-10, 0, 0],
						"0.5833": [-0.5, 0, 0],
						"0.8333": [0, 0, 0]
					}
				},
				"leftArm": {
					"rotation": {
						"0.0": [0, 0, 0],
						"0.25": [-86.46366, 51.12612, 19.25931],
						"0.4583": [-58.8818, 31.2552, -22.99895],
						"0.7083": [-24.21988, 26.34981, 9.74791],
						"0.75": [-24.91213, 30.68386, 22.80689],
						"0.7917": [-10.96957, 30.27912, 24.2967],
						"0.8333": [-9.21852, 20.75011, 3.47823],
						"0.875": [0, 0, 0]
					},
					"position": {
						"0.0": [0, 0, 0],
						"0.25": [-1.4, 0, -3.8],
						"0.4583": [-1.4, 0, 1.6],
						"0.7917": [-0.47, 0, -0.77],
						"0.875": [0, 0, 0]
					}
				},
				"rightArm": {
					"rotation": {
						"0.0": [0, 0, 0],
						"0.25": [-102.80064, -3.64122, 10.26199],
						"0.4583": [-24.3691, -20.56711, -54.07876],
						"0.625": [-7.31996, -14.14655, -49.7304],
						"0.7917": [-20.65998, -7.07328, -24.8652],
						"0.8333": [-23.03616, -1.58731, -7.82341],
						"0.875": [0, 0, 0]
					},
					"position": [0, 0, 0]
				},
				"rightItem": {
					"rotation": {
						"0.0": [0, 0, 0],
						"0.25": [22.75298, 19.58991, 15.84766],
						"0.2917": [38.72354, 20.72431, 16.92675],
						"0.4583": [98.29915, 9.56195, 8.12466],
						"0.7083": [81.64957, 4.78098, 4.06233],
						"0.875": [0, 0, 0]
					},
					"position": {
						"0.0": [0, 0, 0],
						"0.25": [1.3, 0, 0],
						"0.875": [0, 0, 0]
					}
				}
			},
			"particle_effects": {
				"0.3333": {
					"effect": "sweep",
					"locator": "sword_particle_spawn"
				}
			}
		},
		"animation.player.sword_slash_attack_tp": {
			"animation_length": 0.6667,
			"bones": {
				"body": {
					"rotation": {
						"0.0": [-2.5, 0, 0],
						"0.25": [-10, 0, 0],
						"0.4583": [9, 0, 0],
						"0.5833": [0, 0, 0]
					},
					"position": {
						"0.0": [0, 0, 0],
						"0.25": [0, 0, 2],
						"0.4583": [0, 0, -1.7],
						"0.5833": [0, 0, -0.1]
					}
				},
				"head": {
					"rotation": {
						"0.0": [0, 0, 0],
						"0.25": [2.5, 0, 0],
						"0.4583": [-10, 0, 0],
						"0.5833": [-0.5, 0, 0]
					}
				},
				"leftArm": {
					"rotation": {
						"0.0": [0, 0, 0],
						"0.3333": [3.5988, 22.02972, 2.53693],
						"0.4583": [-9.94082, 15.01375, -12.05563],
						"0.5417": [-0.67848, -0.67876, -4.87361],
						"0.625": [0, 0, 0]
					},
					"position": [0, 0, 0]
				},
				"rightArm": {
					"rotation": {
						"0.0": [0, 0, 0],
						"0.25": [-82.153, -40.14112, 20.697],
						"0.4583": [61.79591, -4.43104, 41.34178],
						"0.5417": [4.26758, 13.21001, 10.91261],
						"0.625": [0, 0, 0]
					},
					"position": [0, 0, 0]
				}
			}
		},
		"animation.player.sword_skill_attack_tp": {
			"animation_length": 1.0417,
			"bones": {
				"body": {
					"rotation": {
						"0.0": [-2.5, 0, 0],
						"0.25": [-10, 0, 0],
						"0.4583": [15.019, -4.98093, -0.43688],
						"0.875": [-2.5, 0, 0]
					},
					"position": {
						"0.0": [0, 0, 0],
						"0.25": [0, 0, 2],
						"0.4583": [0, 0, -2.7],
						"0.875": [0, 0, 0]
					}
				},
				"head": {
					"rotation": {
						"0.0": [0, 0, 0],
						"0.25": [2.5, 0, 0],
						"0.4583": [-10, 0, 0],
						"0.5833": [-0.5, 0, 0],
						"0.8333": [0, 0, 0]
					}
				},
				"leftArm": {
					"rotation": {
						"0.0": [0, 0, 0],
						"0.25": [-123.88347, 65.17817, -1.03711],
						"0.3333": [-84.88, 44.82, -14.22],
						"0.4583": [-58.8818, 31.2552, -22.99895],
						"0.7083": [-24.21988, 26.34981, 9.74791],
						"0.75": [-24.91213, 30.68386, 22.80689],
						"0.7917": [-10.96957, 30.27912, 24.2967],
						"0.8333": [-9.21852, 20.75011, 3.47823],
						"0.875": [0, 0, 0]
					},
					"position": {
						"0.0": [0, 0, 0],
						"0.25": [-1.4, 0, -3.8],
						"0.4583": [-1.4, 0, 1.6],
						"0.7917": [-0.47, 0, -0.77],
						"0.875": [0, 0, 0]
					}
				},
				"rightArm": {
					"rotation": {
						"0.0": [0, 0, 0],
						"0.25": [-130.51547, -10.95223, 11.94993],
						"0.3333": [-24.3691, -20.56711, -54.07876],
						"0.625": [-7.31996, -14.14655, -49.7304],
						"0.7917": [-20.65998, -7.07328, -24.8652],
						"0.8333": [-23.03616, -1.58731, -7.82341],
						"0.875": [0, 0, 0]
					},
					"position": [0, 0, 0]
				},
				"rightItem": {
					"rotation": {
						"0.0": [0, 0, 0],
						"0.25": [22.75298, 19.58991, 15.84766],
						"0.2917": [38.72354, 20.72431, 16.92675],
						"0.4583": [98.29915, 9.56195, 8.12466],
						"0.7083": [81.64957, 4.78098, 4.06233],
						"0.875": [0, 0, 0]
					},
					"position": {
						"0.0": [0, 0, 0],
						"0.25": [1.3, 0, 0],
						"0.875": [0, 0, 0]
					}
				},
				"particles": {
					"position": {
						"0.0": [0, 12, 0],
						"0.3333": [0, 26, 0]
					}
				}
			}
		}
	}
}